Country,Code,Year_x,Electricity from fossil fuels (TWh),Electricity from nuclear (TWh),Electricity from renewables (TWh),TotalEnergy,Year_y,Population,Population of children under the age of 1,Population of children under the age of 5,Population of children under the age of 15,Population under the age of 25,Population aged 15 to 64 years,Population older than 15 years,Population older than 18 years,Population at age 1,Population aged 1 to 4 years,Population aged 5 to 9 years,Population aged 10 to 14 years,Population aged 15 to 19 years,Population aged 20 to 29 years,Population aged 30 to 39 years,Population aged 40 to 49 years,Population aged 50 to 59 years,Population aged 60 to 69 years,Population aged 70 to 79 years,Population aged 80 to 89 years,Population aged 90 to 99 years,Population older than 100 years,Continent
ASEAN (Ember),0,2018,811.36,0.0,252.7,1064.06,0.0,0.0,0.0,0.0,0.0,0.0,0.0,0.0,0.0,0.0,0.0,0.0,0.0,0.0,0.0,0.0,0.0,0.0,0.0,0.0,0.0,0.0,0.0,
Afghanistan,AFG,2018,0.2,0.0,0.97,1.17,2018.0,36686788.0,1290266.0,6147355.0,16402093.0,24377892.0,19401608.0,20284670.0,17596500.0,1252219.0,4857089.0,5334330.0,4920408.0,4343114.0,6468908.0,3881454.0,2608343.0,1586312.0,883719.0,416827.0,91481.0,4513.0,23.0,Asia
Africa,0,2018,638.15,10.56,166.31,815.02,0.0,0.0,0.0,0.0,0.0,0.0,0.0,0.0,0.0,0.0,0.0,0.0,0.0,0.0,0.0,0.0,0.0,0.0,0.0,0.0,0.0,0.0,0.0,
Africa (EI),0,2018,667.17883,11.58,165.29431,844.05314,0.0,0.0,0.0,0.0,0.0,0.0,0.0,0.0,0.0,0.0,0.0,0.0,0.0,0.0,0.0,0.0,0.0,0.0,0.0,0.0,0.0,0.0,0.0,
Africa (Ember),0,2018,638.15,10.56,166.31,815.02,0.0,0.0,0.0,0.0,0.0,0.0,0.0,0.0,0.0,0.0,0.0,0.0,0.0,0.0,0.0,0.0,0.0,0.0,0.0,0.0,0.0,0.0,0.0,
Albania,ALB,2018,0.0,0.0,8.47,8.47,2018.0,2877019.0,29625.0,156677.0,491484.0,941856.0,1958287.0,2385330.0,2263462.0,30142.0,127052.0,160919.0,173888.0,210667.0,474297.0,357749.0,342580.0,397162.0,316169.0,196515.0,79826.0,10365.0,205.0,Europe
Algeria,DZA,2018,71.32,0.0,0.78,72.1,2018.0,41927010.0,995429.0,4890948.0,12665336.0,18717688.0,26884240.0,29261328.0,27515180.0,994476.0,3895519.0,4326334.0,3448054.0,2873246.0,6729980.0,7098195.0,5277212.0,3625399.0,2235433.0,1010564.0,378233.0,33065.0,343.0,Africa
American Samoa,ASM,2018,0.16,0.0,0.0,0.16,2018.0,48445.0,893.0,4696.0,14328.0,22879.0,31308.0,34117.0,31530.0,924.0,3803.0,4942.0,4690.0,4204.0,8429.0,5329.0,5959.0,5522.0,3173.0,1188.0,286.0,27.0,0.0,
Angola,AGO,2018,2.93,0.0,9.9,12.83,2018.0,31273538.0,1194189.0,5577905.0,14243826.0,20085898.0,16229252.0,17029524.0,15055130.0,1146691.0,4383716.0,4749463.0,3916458.0,3163840.0,5029099.0,3631375.0,2346777.0,1556837.0,836778.0,365295.0,93489.0,6035.0,187.0,Africa
Antigua and Barbuda,ATG,2018,0.32,0.0,0.01,0.33,2018.0,91644.0,1027.0,5376.0,18119.0,32361.0,65189.0,73513.0,69438.0,1058.0,4349.0,6324.0,6419.0,6834.0,14646.0,13702.0,13383.0,12383.0,7394.0,3508.0,1379.0,284.0,12.0,North America
Argentina,ARG,2018,98.31,6.51,34.97,139.79000000000002,2018.0,44413590.0,687918.0,3617963.0,10745049.0,17753952.0,28578854.0,33659900.0,31576034.0,716460.0,2930045.0,3621698.0,3505388.0,3484329.0,6969468.0,6440309.0,5489241.0,4312405.0,3496914.0,2235799.0,1000186.0,231249.0,8642.0,South America
Armenia,ARM,2018,3.17,1.9,2.31,7.380000000000001,2018.0,2836563.0,38045.0,205538.0,573502.0,933012.0,1933721.0,2262993.0,2167068.0,39755.0,167493.0,198271.0,169693.0,162784.0,466820.0,441734.0,306851.0,381579.0,294912.0,123889.0,75483.0,8941.0,68.0,Europe
Aruba,ABW,2018,0.76,0.0,0.15,0.91,2018.0,105980.0,1055.0,5664.0,19150.0,31568.0,72402.0,86829.0,82780.0,1093.0,4609.0,6501.0,6985.0,6468.0,12419.0,13291.0,15224.0,17487.0,13309.0,6483.0,2016.0,132.0,1.0,
Asia,0,2018,10255.47,554.70996,2834.2598,13644.43976,0.0,0.0,0.0,0.0,0.0,0.0,0.0,0.0,0.0,0.0,0.0,0.0,0.0,0.0,0.0,0.0,0.0,0.0,0.0,0.0,0.0,0.0,0.0,
Asia (Ember),0,2018,8911.62,547.82,2716.05,12175.490000000002,0.0,0.0,0.0,0.0,0.0,0.0,0.0,0.0,0.0,0.0,0.0,0.0,0.0,0.0,0.0,0.0,0.0,0.0,0.0,0.0,0.0,0.0,0.0,
Asia Pacific (EI),0,2018,8957.321,553.589,2727.5432,12238.4532,0.0,0.0,0.0,0.0,0.0,0.0,0.0,0.0,0.0,0.0,0.0,0.0,0.0,0.0,0.0,0.0,0.0,0.0,0.0,0.0,0.0,0.0,0.0,
Australia,AUS,2018,207.45,0.0,42.93,250.38,2018.0,24979228.0,304065.0,1572592.0,4691137.0,7921410.0,16374139.0,20283788.0,19416370.0,310654.0,1268527.0,1603694.0,1514851.0,1491091.0,3617540.0,3584780.0,3262591.0,3058389.0,2567947.0,1715769.0,797761.0,187919.0,4303.0,Oceania
Austria,AUT,2018,14.98,0.0,50.06,65.04,2018.0,8840518.0,85326.0,433600.0,1275900.0,2255700.0,5906971.0,7563639.0,7304721.0,88852.0,348274.0,419611.0,422689.0,442751.0,1140829.0,1195143.0,1223606.0,1371240.0,980509.0,771712.0,357526.0,80323.0,979.0,Europe
Azerbaijan,AZE,2018,21.95,0.0,1.87,23.82,2018.0,10152524.0,142939.0,842624.0,2492127.0,3935303.0,7052229.0,7660352.0,7274786.0,156590.0,699685.0,897562.0,751941.0,654064.0,1722537.0,1695704.0,1282102.0,1269807.0,685866.0,231205.0,111270.0,7797.0,45.0,Europe
Bahamas,BHS,2018,2.14,0.0,0.0,2.14,2018.0,401911.0,4617.0,24388.0,85885.0,153974.0,285176.0,315987.0,295925.0,4713.0,19771.0,28590.0,32907.0,33589.0,67457.0,58967.0,59004.0,49601.0,27657.0,13757.0,5129.0,826.0,39.0,North America
Bahrain,BHR,2018,27.77,0.0,0.01,27.78,2018.0,1487346.0,20821.0,106306.0,296416.0,485805.0,1149269.0,1190924.0,1143546.0,20782.0,85485.0,100852.0,89258.0,78592.0,294620.0,383056.0,227290.0,130836.0,53806.0,16450.0,5686.0,588.0,6.0,Asia
Bangladesh,BGD,2018,72.56,0.0,1.4,73.96000000000001,2018.0,163683950.0,2935657.0,14634727.0,46111200.0,78434450.0,108985070.0,117572296.0,107403940.0,2922360.0,11699070.0,14995933.0,16480542.0,16777320.0,29981008.0,24970932.0,19117000.0,13211105.0,8360486.0,3867977.0,1182914.0,103555.0,456.0,Asia
Barbados,BRB,2018,0.97,0.0,0.03,1.0,2018.0,279702.0,3023.0,15230.0,49960.0,86872.0,190148.0,229728.0,218364.0,3025.0,12207.0,16644.0,18086.0,18960.0,37010.0,37342.0,39013.0,40014.0,31633.0,17654.0,7212.0,890.0,14.0,North America
Belarus,BLR,2018,35.85,0.0,0.81,36.66,2018.0,9695573.0,97647.0,561362.0,1626810.0,2572945.0,6533884.0,8068074.0,7782841.0,107695.0,463715.0,566658.0,498790.0,472446.0,1131478.0,1555525.0,1327828.0,1362833.0,1217767.0,604019.0,345249.0,50929.0,689.0,Europe
Belgium,BEL,2018,27.75,28.6,17.17,73.52000000000001,2018.0,11448598.0,119047.0,619435.0,1938049.0,3245446.0,7360092.0,9509018.0,9133449.0,121669.0,500388.0,668376.0,650238.0,632523.0,1423031.0,1489969.0,1514796.0,1595657.0,1318279.0,892879.0,532062.0,109822.0,1531.0,Europe
Belize,BLZ,2018,0.39,0.0,0.4,0.79,2018.0,382076.0,7896.0,38809.0,114409.0,191488.0,250266.0,267664.0,244045.0,7797.0,30913.0,37076.0,38524.0,39356.0,72837.0,56930.0,42337.0,29232.0,16362.0,7363.0,2873.0,374.0,3.0,North America
Benin,BEN,2018,0.19,0.0,0.0,0.19,2018.0,11940688.0,431239.0,2001020.0,5128753.0,7454837.0,6443463.0,6811901.0,6045552.0,414344.0,1569781.0,1672940.0,1454793.0,1240739.0,2001651.0,1415679.0,949249.0,630092.0,351783.0,174959.0,44352.0,3397.0,34.0,Africa
Bermuda,BMU,2018,0.0,0.0,0.0,0.0,2018.0,63591.0,544.0,2981.0,9478.0,15770.0,42804.0,54103.0,52163.0,596.0,2437.0,3254.0,3243.0,3248.0,6176.0,8536.0,9640.0,10542.0,8366.0,4847.0,2318.0,430.0,10.0,
Bhutan,BTN,2018,0.0,0.0,6.89,6.89,2018.0,762104.0,10650.0,57171.0,191178.0,340375.0,525959.0,570916.0,527286.0,11159.0,46521.0,64725.0,69282.0,72542.0,159726.0,131165.0,83324.0,57324.0,37934.0,20113.0,7808.0,980.0,10.0,Asia
Bolivia,BOL,2018,5.22,0.0,4.2,9.42,2018.0,11606906.0,256139.0,1269306.0,3719626.0,5964468.0,7312942.0,7887223.0,7192583.0,254486.0,1013167.0,1246729.0,1203591.0,1151001.0,2120275.0,1663930.0,1219154.0,857187.0,526245.0,270826.0,72809.0,5796.0,57.0,South America
Bosnia and Herzegovina,BIH,2018,11.76,0.0,6.48,18.24,2018.0,3400132.0,31397.0,161336.0,508609.0,911178.0,2324767.0,2891231.0,2783368.0,32069.0,129939.0,174380.0,172893.0,186137.0,436410.0,485609.0,468866.0,508568.0,441430.0,234271.0,116570.0,13370.0,292.0,Europe
Botswana,BWA,2018,2.96,0.0,0.01,2.97,2018.0,2451411.0,59996.0,292902.0,824130.0,1275273.0,1544214.0,1627256.0,1487033.0,59156.0,232906.0,277219.0,254009.0,229703.0,443643.0,407767.0,255532.0,156223.0,86348.0,35337.0,11356.0,1347.0,25.0,Africa
Brazil,BRA,2018,86.69,14.79,492.66,594.14,2018.0,210166600.0,2926629.0,14642035.0,45059350.0,78837420.0,146810990.0,165105420.0,155294640.0,2889535.0,11715406.0,14863827.0,15553489.0,16609541.0,34339680.0,34584410.0,28590048.0,23671802.0,15997673.0,8214316.0,2863581.0,234374.0,1819.0,South America
British Virgin Islands,VGB,2018,0.14,0.0,0.0,0.14,2018.0,30359.0,208.0,1284.0,5231.0,9291.0,22625.0,25128.0,23924.0,223.0,1076.0,1722.0,2225.0,2037.0,4043.0,5173.0,5377.0,4477.0,2574.0,1133.0,267.0,47.0,0.0,
Brunei,BRN,2018,4.04,0.0,0.0,4.04,2018.0,434283.0,6555.0,33965.0,100886.0,170180.0,312400.0,333394.0,312514.0,6689.0,27410.0,33939.0,32982.0,34854.0,70801.0,77878.0,66358.0,47319.0,24735.0,8514.0,2657.0,278.0,3.0,Asia
Bulgaria,BGR,2018,21.03,16.13,9.38,46.54,2018.0,7117424.0,63001.0,327260.0,1003300.0,1638753.0,4578934.0,6113687.0,5924273.0,64295.0,264259.0,349034.0,327006.0,319196.0,750344.0,983576.0,1069495.0,959788.0,970539.0,687081.0,333824.0,39844.0,437.0,Europe
Burkina Faso,BFA,2018,1.42,0.0,0.23,1.65,2018.0,20392730.0,723704.0,3467806.0,9174952.0,13159602.0,10694928.0,11217778.0,9871696.0,704249.0,2744102.0,3086937.0,2620209.0,2167939.0,3351001.0,2417883.0,1499465.0,944574.0,531077.0,256131.0,48248.0,1460.0,0.0,
Burundi,BDI,2018,0.1,0.0,0.17,0.27,2018.0,11493476.0,410479.0,2056457.0,5462494.0,7460083.0,5754656.0,6030971.0,5329567.0,408614.0,1645978.0,1904995.0,1501042.0,1103644.0,1771992.0,1482149.0,789309.0,441585.0,289651.0,122295.0,28862.0,1484.0,11.0,Africa
CIS (EI),0,2018,958.23083,206.65715,246.82213,1411.71011,0.0,0.0,0.0,0.0,0.0,0.0,0.0,0.0,0.0,0.0,0.0,0.0,0.0,0.0,0.0,0.0,0.0,0.0,0.0,0.0,0.0,0.0,0.0,
Cambodia,KHM,2018,2.96,0.0,5.0,7.96,2018.0,16025242.0,328817.0,1659062.0,4837527.0,7611894.0,10422128.0,11187653.0,10320817.0,330653.0,1330245.0,1626959.0,1551506.0,1422456.0,2798895.0,2514026.0,1609094.0,1546887.0,864967.0,327712.0,95585.0,8031.0,62.0,Asia
Cameroon,CMR,2018,3.29,0.0,4.99,8.280000000000001,2018.0,25076752.0,878934.0,4098605.0,10774562.0,15686783.0,13606409.0,14302053.0,12676247.0,848986.0,3219671.0,3568315.0,3107642.0,2628849.0,4319928.0,3126898.0,1966315.0,1188751.0,643436.0,325142.0,94072.0,8662.0,137.0,Africa
Canada,CAN,2018,112.47,95.03,428.39,635.89,2018.0,37035260.0,375442.0,1937105.0,5957842.0,10496509.0,24722864.0,31068472.0,29862954.0,382507.0,1561663.0,2030612.0,1990125.0,2102953.0,5005960.0,5069864.0,4788425.0,5303613.0,4492140.0,2732096.0,1270538.0,302882.0,8945.0,North America
Cape Verde,CPV,2018,0.37,0.0,0.09,0.4599999999999999,2018.0,571209.0,10320.0,52056.0,159164.0,272436.0,382060.0,412013.0,380051.0,10566.0,41736.0,53498.0,53610.0,54489.0,116813.0,91515.0,58304.0,46080.0,23753.0,11491.0,8370.0,1198.0,32.0,Africa
Cayman Islands,CYM,2018,0.64,0.0,0.01,0.65,2018.0,64904.0,791.0,4195.0,11132.0,18441.0,49233.0,53770.0,51957.0,827.0,3404.0,3863.0,3074.0,3146.0,9446.0,12411.0,12412.0,9137.0,4558.0,1970.0,606.0,84.0,2.0,
Central African Republic,CAF,2018,0.0,0.0,0.15,0.15,2018.0,5094795.0,199301.0,914166.0,2475058.0,3562918.0,2498721.0,2619736.0,2234033.0,186587.0,714865.0,834108.0,726784.0,617463.0,807440.0,453067.0,297736.0,236177.0,146914.0,49890.0,10582.0,467.0,1.0,Africa
Central America (EI),0,2018,0.0,0.0,42.14184,42.14184,0.0,0.0,0.0,0.0,0.0,0.0,0.0,0.0,0.0,0.0,0.0,0.0,0.0,0.0,0.0,0.0,0.0,0.0,0.0,0.0,0.0,0.0,0.0,
Chad,TCD,2018,0.29,0.0,0.01,0.3,2018.0,15604213.0,646437.0,2992688.0,7502304.0,10517754.0,7785176.0,8101878.0,7076007.0,614824.0,2346251.0,2478135.0,2031481.0,1652325.0,2478051.0,1619113.0,1147790.0,679569.0,348292.0,140503.0,34044.0,2191.0,31.0,Africa
Chile,CHL,2018,43.85,0.0,32.89,76.74000000000001,2018.0,18701452.0,224016.0,1175915.0,3572469.0,6297219.0,12909544.0,15126338.0,14385058.0,229412.0,951899.0,1223327.0,1173227.0,1265983.0,3024819.0,2840276.0,2566271.0,2283734.0,1680532.0,924291.0,441035.0,99397.0,2645.0,South America
China,CHN,2018,4990.28,295.0,1835.32,7120.599999999999,2018.0,1417069400.0,16853878.0,88891210.0,260606880.0,427163650.0,993782300.0,1156434800.0,1108832100.0,18200252.0,72037330.0,89635310.0,82080360.0,79819810.0,199880270.0,214792960.0,223686300.0,194340140.0,146260270.0,67315700.0,27084496.0,3254925.0,27708.0,Asia
Colombia,COL,2018,19.11,0.0,60.08,79.19,2018.0,49276970.0,726355.0,3646480.0,11244835.0,19802096.0,34124176.0,38030940.0,35539092.0,728921.0,2920125.0,3694846.0,3903509.0,4199028.0,8640222.0,7609296.0,6210737.0,5457483.0,3508988.0,1733981.0,603738.0,67468.0,1190.0,South America
Comoros,COM,2018,0.09,0.0,0.0,0.09,2018.0,776322.0,23006.0,111138.0,302062.0,455218.0,441142.0,474259.0,424981.0,22509.0,88132.0,102087.0,88837.0,81039.0,133110.0,96610.0,67253.0,47852.0,28473.0,15626.0,4077.0,219.0,1.0,Africa
Congo,COG,2018,1.82,0.0,1.15,2.97,2018.0,5441061.0,170565.0,838979.0,2287080.0,3264571.0,3013039.0,3153976.0,2823488.0,168288.0,668414.0,798454.0,649647.0,528950.0,853155.0,708971.0,514800.0,314588.0,153059.0,62070.0,17050.0,1333.0,5.0,Africa
Cook Islands,COK,2018,0.03,0.0,0.02,0.05,2018.0,17276.0,292.0,1466.0,4278.0,6845.0,11218.0,12998.0,12172.0,295.0,1174.0,1443.0,1369.0,1343.0,2370.0,2068.0,2236.0,2336.0,1559.0,803.0,256.0,27.0,0.0,
Costa Rica,CRI,2018,0.31,0.0,11.13,11.44,2018.0,5040738.0,68548.0,350639.0,1086805.0,1881136.0,3471414.0,3953786.0,3726135.0,69295.0,282091.0,368436.0,367730.0,385696.0,833847.0,805826.0,643547.0,582258.0,389984.0,215622.0,86244.0,10762.0,147.0,North America
Cote d'Ivoire,CIV,2018,6.61,0.0,2.94,9.55,2018.0,25493990.0,851027.0,4006538.0,10901598.0,16077298.0,13983885.0,14592236.0,12836234.0,820769.0,3155511.0,3643698.0,3251362.0,2841836.0,4290387.0,3131813.0,2182712.0,1174201.0,613827.0,264918.0,83161.0,9381.0,156.0,
Croatia,HRV,2018,3.77,0.0,9.78,13.55,2018.0,4160488.0,36979.0,187485.0,593013.0,1048941.0,2709113.0,3567153.0,3446427.0,36930.0,150506.0,205802.0,199726.0,211209.0,492558.0,560541.0,548451.0,593300.0,567910.0,367148.0,199961.0,26075.0,322.0,Europe
Cuba,CUB,2018,17.64,0.0,2.0,19.64,2018.0,11328243.0,115739.0,596435.0,1823776.0,3228218.0,7806523.0,9502105.0,9088211.0,115507.0,480696.0,630011.0,597330.0,700793.0,1509379.0,1410749.0,1774351.0,1819600.0,1119834.0,771972.0,326856.0,68571.0,2362.0,North America
Cyprus,CYP,2018,4.58,0.0,0.48,5.0600000000000005,2018.0,1218834.0,13275.0,67134.0,195526.0,339292.0,857902.0,1023211.0,985286.0,13568.0,53859.0,66311.0,62081.0,64876.0,184257.0,222572.0,173526.0,149998.0,115676.0,75299.0,31782.0,5225.0,97.0,Europe
Czechia,CZE,2018,47.51,29.92,9.43,86.86000000000001,2018.0,10534598.0,111349.0,553010.0,1656679.0,2642929.0,6829807.0,8877288.0,8594853.0,111278.0,441661.0,573392.0,530277.0,468492.0,1183350.0,1498435.0,1677540.0,1312700.0,1369604.0,939359.0,366120.0,61688.0,631.0,
Democratic Republic of Congo,COD,2018,0.03,0.0,10.44,10.47,2018.0,87087350.0,3528825.0,16214673.0,40363670.0,57077140.0,44087880.0,46723588.0,41131236.0,3362012.0,12685848.0,13324239.0,10824760.0,8994749.0,14022656.0,9263155.0,6148445.0,4212055.0,2519634.0,1250927.0,294190.0,17776.0,95.0,
Denmark,DNK,2018,9.61,0.0,20.75,30.36,2018.0,5766689.0,60650.0,298973.0,952210.0,1681858.0,3686804.0,4813349.0,4609217.0,61259.0,238323.0,315538.0,337699.0,345202.0,767222.0,671898.0,764630.0,795743.0,664204.0,544647.0,216005.0,43798.0,1130.0,Europe
Djibouti,DJI,2018,0.05,0.0,0.0,0.05,2018.0,1057204.0,23421.0,114723.0,340464.0,548462.0,670840.0,716739.0,648759.0,23089.0,91302.0,111872.0,113869.0,110234.0,187580.0,152289.0,120439.0,75762.0,43392.0,21515.0,5191.0,337.0,1.0,Africa
Dominica,DMA,2018,0.04,0.0,0.02,0.06,2018.0,70840.0,911.0,4495.0,14608.0,26929.0,49699.0,56229.0,52782.0,898.0,3584.0,4816.0,5297.0,5891.0,12679.0,10081.0,9264.0,8718.0,5294.0,2948.0,1215.0,139.0,3.0,North America
Dominican Republic,DOM,2018,16.89,0.0,2.74,19.630000000000003,2018.0,10765532.0,207448.0,1031003.0,3032033.0,4975762.0,7027162.0,7732581.0,7139974.0,206014.0,823555.0,1023759.0,977271.0,981539.0,1873766.0,1561774.0,1252371.0,996288.0,618005.0,297485.0,130095.0,21258.0,918.0,North America
East Timor,TLS,2018,0.45,0.0,0.0,0.45,2018.0,1261850.0,31781.0,157204.0,470234.0,744102.0,722621.0,791610.0,699575.0,31624.0,125423.0,153339.0,159691.0,149468.0,225821.0,145515.0,102834.0,72165.0,53434.0,33724.0,7698.0,951.0,6.0,Asia
Eastern Africa (EI),0,2018,0.0,0.0,77.021835,77.021835,0.0,0.0,0.0,0.0,0.0,0.0,0.0,0.0,0.0,0.0,0.0,0.0,0.0,0.0,0.0,0.0,0.0,0.0,0.0,0.0,0.0,0.0,0.0,
Ecuador,ECU,2018,7.97,0.0,21.06,29.03,2018.0,17015672.0,298046.0,1507080.0,4673858.0,7762488.0,11112459.0,12340782.0,11408610.0,297801.0,1209034.0,1603019.0,1563759.0,1555253.0,2993881.0,2546474.0,1968923.0,1486813.0,1009126.0,540659.0,206198.0,33455.0,1032.0,South America
Egypt,EGY,2018,182.31,0.0,17.31,199.62,2018.0,103740770.0,2517363.0,12938775.0,34687972.0,52687384.0,64340132.0,69052480.0,63425280.0,2525855.0,10421412.0,11714468.0,10034729.0,9255441.0,17417636.0,15642365.0,11175790.0,8043740.0,4795284.0,2074616.0,602975.0,44635.0,310.0,Africa
El Salvador,SLV,2018,1.38,0.0,3.95,5.33,2018.0,6276340.0,103566.0,542813.0,1681396.0,3007957.0,4100736.0,4594480.0,4210252.0,105597.0,439247.0,565103.0,573480.0,659718.0,1217297.0,814817.0,690160.0,520845.0,361786.0,222710.0,91653.0,15494.0,464.0,North America
Equatorial Guinea,GNQ,2018,0.91,0.0,0.44,1.35,2018.0,1502102.0,46514.0,221455.0,584527.0,831868.0,870575.0,917541.0,845800.0,45093.0,174941.0,202716.0,160356.0,119851.0,265706.0,226804.0,139763.0,91085.0,47952.0,19596.0,6004.0,780.0,34.0,Africa
Eritrea,ERI,2018,0.42,0.0,0.01,0.43,2018.0,3445380.0,97329.0,483992.0,1432008.0,2152694.0,1877723.0,2013371.0,1769350.0,96428.0,386663.0,484267.0,463749.0,393045.0,568467.0,374826.0,280359.0,194581.0,117229.0,67184.0,16892.0,788.0,1.0,Africa
Estonia,EST,2018,10.38,0.0,1.99,12.37,2018.0,1322146.0,14096.0,70392.0,216355.0,342704.0,845591.0,1105659.0,1068701.0,14056.0,56296.0,75018.0,70945.0,60705.0,156409.0,190431.0,181367.0,172064.0,161735.0,109470.0,63030.0,10448.0,132.0,Europe
Eswatini,SWZ,2018,0.04,0.0,0.71,0.75,2018.0,1160430.0,29169.0,145508.0,421543.0,653908.0,695792.0,738878.0,665025.0,29046.0,116339.0,142611.0,133424.0,120679.0,222426.0,168430.0,94482.0,65298.0,43805.0,18628.0,4612.0,518.0,9.0,
Ethiopia,ETH,2018,0.01,0.0,13.78,13.79,2018.0,111129440.0,3504722.0,16523647.0,45653496.0,69182480.0,62067690.0,65475710.0,57706890.0,3393985.0,13018925.0,15048078.0,14081771.0,12609271.0,20106854.0,13132464.0,8628844.0,5736658.0,3259636.0,1594721.0,382358.0,24907.0,231.0,Africa
Europe,0,2018,2194.55,1117.57,1484.65,4796.77,0.0,0.0,0.0,0.0,0.0,0.0,0.0,0.0,0.0,0.0,0.0,0.0,0.0,0.0,0.0,0.0,0.0,0.0,0.0,0.0,0.0,0.0,0.0,
Europe (EI),0,2018,1643.7871,935.8184,1404.1522,3983.7577,0.0,0.0,0.0,0.0,0.0,0.0,0.0,0.0,0.0,0.0,0.0,0.0,0.0,0.0,0.0,0.0,0.0,0.0,0.0,0.0,0.0,0.0,0.0,
Europe (Ember),0,2018,2400.64,1117.57,1582.42,5100.63,0.0,0.0,0.0,0.0,0.0,0.0,0.0,0.0,0.0,0.0,0.0,0.0,0.0,0.0,0.0,0.0,0.0,0.0,0.0,0.0,0.0,0.0,0.0,
European Union (27),0,2018,1209.5599,761.94,940.15,2911.6499,0.0,0.0,0.0,0.0,0.0,0.0,0.0,0.0,0.0,0.0,0.0,0.0,0.0,0.0,0.0,0.0,0.0,0.0,0.0,0.0,0.0,0.0,0.0,
Falkland Islands,FLK,2018,0.01,0.0,0.01,0.02,2018.0,3674.0,42.0,222.0,669.0,1058.0,2619.0,3005.0,2888.0,41.0,180.0,226.0,221.0,190.0,446.0,559.0,677.0,588.0,263.0,183.0,90.0,9.0,0.0,
Faroe Islands,FRO,2018,0.17,0.0,0.17,0.34,2018.0,50978.0,711.0,3477.0,10545.0,17145.0,31448.0,40423.0,38234.0,699.0,2766.0,3413.0,3655.0,3534.0,6143.0,5811.0,6397.0,6667.0,5665.0,3964.0,1838.0,404.0,10.0,
Fiji,FJI,2018,0.38,0.0,0.71,1.09,2018.0,919002.0,18433.0,93794.0,272851.0,427824.0,598754.0,646146.0,598683.0,18661.0,75361.0,92314.0,86743.0,77909.0,153955.0,142888.0,104192.0,87690.0,52564.0,21464.0,5115.0,369.0,5.0,Oceania
Finland,FIN,2018,15.05,22.79,32.14,69.98,2018.0,5515465.0,49131.0,273118.0,886357.0,1506520.0,3437036.0,4628250.0,4452408.0,52243.0,223987.0,309547.0,303692.0,296108.0,678637.0,704446.0,659349.0,733602.0,731015.0,527263.0,248248.0,49582.0,858.0,Europe
France,FRA,2018,49.27,412.94,113.62,575.8299999999999,2018.0,64277812.0,692952.0,3609795.0,11464214.0,18914756.0,39758624.0,52796504.0,50433260.0,702461.0,2916843.0,3919423.0,3934996.0,3901694.0,7199079.0,7969163.0,8417013.0,8352976.0,7758035.0,5198524.0,3166794.0,833226.0,17093.0,Europe
French Guiana,GUF,2018,0.0,0.0,0.0,0.0,2018.0,276659.0,7125.0,33428.0,90924.0,140055.0,171439.0,185733.0,169184.0,6926.0,26303.0,28768.0,28728.0,26969.0,40269.0,36480.0,34000.0,24876.0,15111.0,6086.0,1750.0,192.0,2.0,
French Polynesia,PYF,2018,0.38,0.0,0.2,0.5800000000000001,2018.0,297615.0,4101.0,21350.0,68021.0,112932.0,204461.0,229577.0,215265.0,4170.0,17249.0,23519.0,23152.0,23416.0,45176.0,46604.0,39859.0,36536.0,21954.0,11862.0,3692.0,478.0,17.0,
G20 (Ember),0,2018,13907.39,2465.0,5504.58,21876.97,0.0,0.0,0.0,0.0,0.0,0.0,0.0,0.0,0.0,0.0,0.0,0.0,0.0,0.0,0.0,0.0,0.0,0.0,0.0,0.0,0.0,0.0,0.0,
G7 (Ember),0,2018,4266.69,1503.93,1905.32,7675.94,0.0,0.0,0.0,0.0,0.0,0.0,0.0,0.0,0.0,0.0,0.0,0.0,0.0,0.0,0.0,0.0,0.0,0.0,0.0,0.0,0.0,0.0,0.0,
Gabon,GAB,2018,1.26,0.0,0.91,2.17,2018.0,2192013.0,61846.0,302475.0,802921.0,1194233.0,1303741.0,1389037.0,1266392.0,61244.0,240629.0,272649.0,227797.0,200550.0,382118.0,329325.0,216421.0,131510.0,76756.0,38121.0,12678.0,1558.0,55.0,Africa
Gambia,GMB,2018,0.31,0.0,0.0,0.31,2018.0,2444916.0,82785.0,404375.0,1091675.0,1573182.0,1292542.0,1353234.0,1189905.0,81713.0,321590.0,369745.0,317555.0,263058.0,401159.0,279344.0,194131.0,121072.0,55649.0,29489.0,8581.0,751.0,7.0,Africa
Georgia,GEO,2018,1.99,0.0,9.93,11.92,2018.0,3772323.0,54679.0,283152.0,771447.0,1212921.0,2462245.0,3000782.0,2875662.0,56484.0,228473.0,267109.0,221186.0,210586.0,511316.0,537003.0,479487.0,502281.0,404769.0,226710.0,116863.0,11767.0,94.0,Europe
Germany,DEU,2018,334.65,76.0,222.07,632.72,2018.0,82896696.0,785206.0,3883514.0,11208995.0,19855500.0,53865630.0,71676950.0,69339260.0,797165.0,3098308.0,3651130.0,3674351.0,4050257.0,9835303.0,10550544.0,10553014.0,13444570.0,10187124.0,7770618.0,4499123.0,786402.0,10745.0,Europe
Ghana,GHA,2018,8.3,0.0,6.07,14.37,2018.0,30870648.0,859051.0,4295278.0,11777392.0,17553360.0,18086174.0,19093222.0,17170438.0,854750.0,3436227.0,3961377.0,3520737.0,3102571.0,5203505.0,4440260.0,2825383.0,1863604.0,1075147.0,437507.0,136017.0,9227.0,34.0,Africa
Gibraltar,GIB,2018,0.0,0.0,0.0,0.0,2018.0,32677.0,368.0,1959.0,5755.0,9592.0,20650.0,26909.0,25794.0,378.0,1591.0,1901.0,1895.0,1892.0,3926.0,4033.0,4316.0,4481.0,3869.0,2680.0,1372.0,340.0,13.0,
Greece,GRC,2018,37.11,0.0,16.14,53.25,2018.0,10633275.0,85191.0,457151.0,1525986.0,2636206.0,6808520.0,9105252.0,8774495.0,89709.0,371960.0,531931.0,536904.0,553585.0,1112958.0,1405417.0,1591985.0,1481963.0,1263952.0,996634.0,603516.0,95242.0,2037.0,Europe
Greenland,GRL,2018,0.1,0.0,0.41,0.51,2018.0,55954.0,832.0,3999.0,11618.0,19522.0,39590.0,44336.0,42156.0,815.0,3167.0,3831.0,3788.0,3688.0,8859.0,7926.0,6481.0,9453.0,5187.0,2179.0,517.0,46.0,0.0,
Grenada,GRD,2018,0.21,0.0,0.0,0.21,2018.0,121853.0,2045.0001,10254.0,29361.0,48125.0,80994.0,92483.0,87252.0,2052.0,8209.0,10014.0,9093.0,9041.0,20941.0,19547.0,13006.0,13283.0,8867.0,4741.0,2647.0,410.0,9.0,North America
Guadeloupe,GLP,2018,0.0,0.0,0.0,0.0,2018.0,396273.0,4453.0,23803.0,76838.0,134551.0,247804.0,319150.0,301193.0,4577.0,19350.0,25098.0,27937.0,30054.0,47271.0,32671.0,52434.0,60583.0,46680.0,30097.0,15166.0,4194.0,285.0,
Guam,GUM,2018,1.66,0.0,0.07,1.73,2018.0,168696.0,2908.0,15339.0,45240.0,72291.0,106185.0,123425.0,115113.0,3050.0,12431.0,15819.0,14082.0,13887.0,24428.0,18624.0,20637.0,20745.0,14398.0,7307.0,2896.0,503.0,31.0,
Guatemala,GTM,2018,5.08,0.0,9.04,14.12,2018.0,16850176.0,399092.0,1997404.0,5822663.0,9418111.0,10243310.0,11026780.0,9886918.0,403050.0,1598312.0,1928543.0,1896716.0,1874230.0,3229698.0,2316923.0,1485860.0,967752.0,649924.0,335211.0,140988.0,26194.0,734.0,North America
Guinea,GIN,2018,0.73,0.0,0.76,1.49,2018.0,12554871.0,426378.0,2018973.0,5354070.0,7976112.0,6772408.0,7200787.0,6353080.0,413555.0,1592595.0,1777630.0,1557467.0,1386730.0,2259219.0,1381166.0,882916.0,638546.0,388104.0,201798.0,58121.0,4187.0,14.0,Africa
Guinea-Bissau,GNB,2018,0.08,0.0,0.0,0.08,2018.0,1924954.0,60012.0,293113.0,804645.0,1187473.0,1067842.0,1120301.0,992432.0,58864.0,233101.0,270252.0,241280.0,206503.0,327260.0,253221.0,159369.0,88531.0,56523.0,22283.0,6061.0,550.0,8.0,Africa
Guyana,GUY,2018,1.0,0.0,0.16,1.16,2018.0,785518.0,15812.0,78138.0,228580.0,382673.0,512112.0,556901.0,511496.0,15697.0,62326.0,76163.0,74279.0,76793.0,143383.0,99353.0,92396.0,74379.0,43922.0,19105.0,6361.0,1209.0,37.0,South America
Haiti,HTI,2018,0.8,0.0,0.2,1.0,2018.0,11012427.0,260040.02,1266643.0,3659221.0,5850669.0,6880320.0,7353203.0,6667865.0,255909.0,1006603.0,1220034.0,1172544.0,1132146.0,2048529.0,1600999.0,1070888.0,755954.0,467821.0,219642.0,54309.0,2915.0,3.0,North America
High-income countries,0,2018,6637.87,1939.97,2763.0999,11340.9399,2018.0,1235045600.0,12798729.0,66215680.0,204758100.0,350564100.0,809508000.0,1029963500.0,988209200.0,13121870.0,53416950.0,69176800.0,69365610.0,70540090.0,157131120.0,169505300.0,172271900.0,166230610.0,139477470.0,94656940.0,49392650.0,10757449.0,324029.0,
Honduras,HND,2018,3.8,0.0,6.11,9.91,2018.0,9792854.0,211036.0,1042112.0,3153457.0,5210155.0,6259345.0,6639367.0,5992785.0,209328.0,831076.0,1042867.0,1068478.0,1070207.0,1865413.0,1473370.0,1011329.0,617014.0,387744.0,162946.0,47227.0,4117.0,30.0,North America
Hong Kong,HKG,2018,34.27,0.0,0.15,34.42,2018.0,7481563.0,69091.0,327323.0,901423.0,1625094.0,5284643.0,6575791.0,6406732.0,74578.0,258232.0,305402.0,268698.0,297926.0,923184.0,1142922.0,1133541.0,1240504.0,978041.0,486589.0,299029.0,74055.0,4349.0,
Hungary,HUN,2018,12.43,15.73,3.77,31.93,2018.0,9776361.0,93447.0,467004.0,1421888.0,2480341.0,6482929.0,8353931.0,8062476.0,94674.0,373557.0,463846.0,491038.0,488197.0,1197701.0,1308586.0,1567267.0,1212782.0,1318342.0,830536.0,372486.0,58034.0,542.0,Europe
Iceland,ISL,2018,0.0,0.0,19.43,19.43,2018.0,352951.0,4161.0,21252.0,67626.0,115368.0,235445.0,285281.0,272348.0,4122.0,17091.0,23733.0,22641.0,21933.0,54549.0,50438.0,45026.0,43887.0,35907.0,21159.0,10261.0,2121.0,44.0,Europe
India,IND,2018,1276.32,39.05,263.61,1578.98,2018.0,1369003300.0,23581330.0,119121976.0,370831170.0,623163840.0,912553700.0,998142100.0,920259500.0,23693076.0,95540640.0,124645760.0,127063430.0,128689820.0,241113040.0,208106510.0,163903120.0,123921464.0,82088490.0,36722890.0,12172201.0,1424518.0,30085.0,Asia
Indonesia,IDN,2018,235.41,0.0,48.38,283.79,2018.0,267066850.0,4524618.0,23163588.0,69982900.0,113685544.0,179835740.0,197082540.0,183878540.0,4570807.0,18638968.0,23955598.0,22863708.0,21977652.0,42581720.0,41519708.0,36523280.0,27811396.0,15975175.0,8078092.0,2440940.0,174588.0,1399.0,Asia
Iran,IRN,2018,294.63,6.89,10.83,312.35,2018.0,85617560.0,1507424.0,7721189.0,20639088.0,32311156.0,59397336.0,64978060.0,61651000.0,1558270.0,6213765.0,6905338.0,6012561.0,5551088.0,14288106.0,17001478.0,11312820.0,8128256.0,5476062.0,2374901.0,775444.0,69906.0,412.0,Asia
Iraq,IRQ,2018,80.93,0.0,2.18,83.11000000000001,2018.0,40590700.0,1126726.0,5741951.0,15933330.0,23996400.0,23326514.0,24657302.0,22061048.0,1127985.0,4615225.0,5490843.0,4700536.0,4254088.0,7096042.0,5111665.0,3858416.0,2308464.0,1265259.0,597082.0,155619.0,10666.0,70.0,Asia
Ireland,IRL,2018,20.7,0.0,10.2,30.9,2018.0,4834506.0,61588.0,316662.0,1002983.0,1604471.0,3157480.0,3831056.0,3640989.0,62713.0,255074.0,353691.0,332630.0,313919.0,574856.0,728063.0,713714.0,580855.0,456830.0,305748.0,131628.0,25443.0,467.0,Europe
Israel,ISR,2018,67.02,0.0,1.85,68.86999999999999,2018.0,8456487.0,175379.0,879366.0,2390778.0,3654396.0,5092167.0,6064168.0,5661975.0,179226.0,703987.0,796862.0,714550.0,660005.0,1186145.0,1133291.0,1002171.0,764477.0,669356.0,396816.0,202624.0,49283.0,1541.0,Asia
Italy,ITA,2018,172.98,0.0,114.41,287.39,2018.0,59877430.0,443033.0,2376559.0,7937415.0,13775679.0,38310668.0,51926028.0,50218972.0,463091.0,1933526.0,2721881.0,2838975.0,2876573.0,6157847.0,7039848.0,9240235.0,9211417.0,7286462.0,5889915.0,3484514.0,739216.0,13989.0,Europe
Jamaica,JAM,2018,3.48,0.0,0.69,4.17,2018.0,2811842.0,34584.0,184738.0,615717.0,1127017.0,2008631.0,2196099.0,2057702.0,36027.0,150154.0,204439.0,226540.0,238584.0,535689.0,464539.0,360405.0,304886.0,174075.0,88857.0,26246.0,2818.0,26.0,North America
Japan,JPN,2018,780.61,47.82,183.63,1012.06,2018.0,126255870.0,882453.0,4779666.0,15454490.0,27414124.0,74311340.0,110686696.0,107201304.0,924831.0,3897213.0,5232290.0,5442534.0,5879174.0,12237370.0,14369973.0,18535854.0,15794871.0,16852346.0,15360417.0,9172952.0,2483739.0,114683.0,Asia
Jordan,JOR,2018,17.04,0.0,2.22,19.26,2018.0,10459864.0,237108.0,1195345.0,3548850.0,5552194.0,6558044.0,6910984.0,6303206.0,235482.0,958237.0,1228339.0,1125166.0,998472.0,1923448.0,1515587.0,1157186.0,747500.0,358116.0,159576.0,47568.0,3531.0,30.0,Asia
Kazakhstan,KAZ,2018,96.36,0.0,10.91,107.27,2018.0,18538100.0,392712.0,1964485.0,5283760.0,7689547.0,11865890.0,13254207.0,12550210.0,392365.0,1571773.0,1830515.0,1488760.0,1161076.0,2760309.0,2855950.0,2262559.0,2023752.0,1396956.0,566239.0,209413.0,17953.0,134.0,Asia
Kenya,KEN,2018,1.46,0.0,9.79,11.25,2018.0,49953300.0,1393613.0,6824317.0,20019706.0,30123854.0,28585928.0,29929664.0,26519128.0,1382784.0,5430704.0,6782207.0,6413182.0,5485054.0,8781110.0,6709657.0,4300461.0,2561890.0,1252722.0,578731.0,216969.0,43070.0,3930.0,Africa
Kiribati,KIR,2018,0.03,0.0,0.0,0.03,2018.0,122276.0,3349.0,16386.0,43960.0,67087.0,73950.0,78316.0,71634.0,3292.0,13037.0,15352.0,12222.0,11440.0,22241.0,17112.0,11238.0,9364.0,4550.0,1977.0,362.0,32.0,0.0,Oceania
Kosovo,OWID_KOS,2018,5.61,0.0,0.3,5.91,2018.0,1709966.0,20800.0,114420.0,407256.0,719871.0,1148517.0,1302606.0,1199439.0,21236.0,93620.0,142693.0,150143.0,166905.0,282716.0,239469.0,218377.0,174764.0,117852.0,70229.0,27383.0,4911.0,104.0,
Kuwait,KWT,2018,69.58,0.0,0.06,69.64,2018.0,4317190.0,56984.0,304667.0,912786.0,1369319.0,3268653.0,3404393.0,3261286.0,59022.0,247683.0,328486.0,279633.0,234883.0,448484.0,961905.0,983176.0,511296.0,199677.0,50676.0,13327.0,969.0,11.0,Asia
Kyrgyzstan,KGZ,2018,1.13,0.0,14.17,15.3,2018.0,6223503.0,164781.0,811095.0,2099331.0,3169193.0,3872201.0,4124155.0,3822084.0,162200.0,646314.0,725749.0,562487.0,507588.0,1156984.0,891902.0,616436.0,521161.0,293960.0,88343.0,43736.0,4045.0,17.0,Asia
Laos,LAO,2018,10.74,0.0,22.95,33.69,2018.0,7105008.0,160108.0,785249.0,2276319.0,3704602.0,4533535.0,4828347.0,4391945.0,159043.0,625141.0,752323.0,738747.0,730664.0,1350233.0,1049350.0,718103.0,512398.0,292409.0,128299.0,41040.0,5851.0,342.0,Asia
Latin America and Caribbean (Ember),0,2018,670.48,34.62,917.22,1622.3200000000002,0.0,0.0,0.0,0.0,0.0,0.0,0.0,0.0,0.0,0.0,0.0,0.0,0.0,0.0,0.0,0.0,0.0,0.0,0.0,0.0,0.0,0.0,0.0,
Latvia,LVA,2018,3.23,0.0,3.49,6.720000000000001,2018.0,1935632.0,19258.0,104232.0,300487.0,479694.0,1233508.0,1634872.0,1580987.0,20765.0,84974.0,96953.0,99302.0,90515.0,215692.0,263834.0,261874.0,272257.0,240928.0,177352.0,96598.0,15822.0,273.0,Europe
Lebanon,LBN,2018,19.57,0.0,0.47,20.04,2018.0,5950842.0,96262.0,530971.0,1605864.0,2576934.0,3835216.0,4344857.0,4039993.0,102274.0,434709.0,554786.0,520107.0,503718.0,903472.0,829793.0,726674.0,631631.0,426842.0,218909.0,92143.0,11675.0,121.0,Asia
Lesotho,LSO,2018,0.0,0.0,0.54,0.54,2018.0,2198030.0,57105.0,274546.0,760543.0,1204008.0,1345995.0,1437453.0,1300487.0,55512.0,217441.0,251334.0,234663.0,225548.0,425243.0,321287.0,186471.0,136734.0,87125.0,38862.0,14339.0,1844.0,34.0,Africa
Liberia,LBR,2018,0.32,0.0,0.0,0.32,2018.0,4889396.0,152119.0,733438.0,2058880.0,3004257.0,2664005.0,2830515.0,2503252.0,147695.0,581319.0,696752.0,628690.0,525371.0,768137.0,600636.0,428136.0,255011.0,151979.0,81737.0,18655.0,853.0,1.0,Africa
Libya,LBY,2018,32.11,0.0,0.01,32.12,2018.0,6477791.0,124728.0,641128.0,1970647.0,3081841.0,4197568.0,4507102.0,4146178.0,126671.0,516400.03,673190.0,656329.0,588255.0,997552.0,1007349.0,926961.0,539188.0,251918.0,142552.0,48651.0,4676.0,42.0,Africa
Lithuania,LTU,2018,0.55,0.0,2.2,2.75,2018.0,2876128.0,28857.0,150880.0,428085.0,735079.0,1874438.0,2447503.0,2367506.0,30055.0,122023.0,146536.0,130669.0,141716.0,360842.0,362149.0,388831.0,434284.0,343728.0,247022.0,143550.0,25381.0,540.0,Europe
Low-income countries,0,2018,42.62,0.0,87.13,129.75,2018.0,661256600.0,22415980.0,106009180.0,283790900.0,416195840.0,356983330.0,377463040.0,333099230.0,21676046.0,83593210.0,94594184.0,83187540.0,71631500.0,111488050.0,76778344.0,51600270.0,33937140.0,19874766.0,9556344.0,2419688.0,176931.0,2636.0,
Lower-middle-income countries,0,2018,2720.76,139.63,684.37,3544.76,2018.0,3269580500.0,68503464.0,339677630.0,991774000.0,1584667100.0,2093600900.0,2277756000.0,2091967900.0,68017100.0,271174140.0,333070980.0,319025400.0,305390180.0,560453900.0,482133440.0,369702270.0,274460100.0,176187470.0,80451220.0,26189668.0,2787652.0,50641.0,
Luxembourg,LUX,2018,0.28,0.0,0.68,0.96,2018.0,607920.0,6247.0,32435.0,97875.0,168926.0,422796.0,509969.0,490502.0,6377.0,26188.0,33074.0,32366.0,33140.0,83319.0,94709.0,91933.0,86807.0,59333.0,36834.0,20127.0,3767.0,76.0,Europe
Macao,MAC,2018,0.66,0.0,0.0,0.66,2018.0,650996.0,7851.0,36422.0,88489.0,168700.0,494276.0,562382.0,545029.0,7648.0,28571.0,28932.0,23135.0,32627.0,109754.0,118335.0,93973.0,99222.0,68059.0,25102.0,12512.0,2798.0,125.0,
Madagascar,MDG,2018,1.29,0.0,0.98,2.27,2018.0,26846544.0,827969.0,3938780.0,10834334.0,16314997.0,15181095.0,16012163.0,14239133.0,807653.0,3110811.0,3626354.0,3269200.0,2900002.0,4706931.0,3198574.0,2360986.0,1493023.0,902255.0,341802.0,101047.0,7543.0,48.0,Africa
Malawi,MWI,2018,0.2,0.0,1.44,1.64,2018.0,18367886.0,601641.0,2918729.0,8229030.0,11967212.0,9596190.0,10137836.0,8847458.0,587758.0,2317088.0,2779729.0,2530572.0,2064325.0,3076227.0,2297196.0,1260873.0,683500.0,384219.0,257068.0,97482.0,16946.0,1020.0,Africa
Malaysia,MYS,2018,142.27,0.0,28.31,170.58,2018.0,32399270.0,517630.0,2622175.0,7766141.0,13432160.0,22521050.0,24631740.0,22985730.0,522297.97,2104545.0,2511536.0,2632430.0,2769106.0,5921110.0,5524899.0,3996617.0,3140880.0,2028597.0,936990.0,276504.0,37037.0,1389.0,Asia
Maldives,MDV,2018,0.61,0.0,0.03,0.64,2018.0,489773.0,7601.0,38636.0,108004.0,186871.0,361131.0,381739.0,363557.0,7699.0,31035.0,37878.0,31490.0,32346.0,109216.0,110564.0,59882.0,37877.0,17791.0,9447.0,4088.0,528.0,30.0,Asia
Mali,MLI,2018,1.97,0.0,1.56,3.53,2018.0,19934304.0,806686.0,3730249.0,9555272.0,13360388.0,9867657.0,10379031.0,9040187.0,770545.0,2923563.0,3168272.0,2656751.0,2129272.0,3077058.0,2229183.0,1383947.0,773598.0,492471.0,245365.0,46766.0,1371.0,0.0,Africa
Malta,MLT,2018,1.77,0.0,0.2,1.97,2018.0,491590.0,4551.0,23177.0,65920.0,121325.0,333275.0,425562.0,413071.0,4643.0,18626.0,22064.0,20679.0,22337.0,77076.0,80451.0,64304.0,59358.0,58179.0,42229.0,18524.0,3104.0,108.0,Europe
Martinique,MTQ,2018,0.0,0.0,0.0,0.0,2018.0,374843.0,3695.0,19493.0,64256.0,111782.0,235507.0,310444.0,295330.0,3794.0,15798.0,20873.0,23890.0,25064.0,39658.0,33197.0,49452.0,62066.0,48545.0,31448.0,17204.0,3810.0,143.0,
Mauritania,MRT,2018,1.26,0.0,0.43,1.69,2018.0,4270717.0,139009.0,658370.0,1838012.0,2669032.0,2288831.0,2432671.0,2152737.0,134453.0,519361.0,634639.0,545003.0,450145.0,701257.0,492432.0,339273.0,227474.0,134803.0,64290.0,20315.0,2682.0,34.0,Africa
Mauritius,MUS,2018,2.45,0.0,0.52,2.97,2018.0,1295386.0,13431.0,67109.0,233070.0,427456.0,922301.0,1062218.0,1004290.0,13419.0,53678.0,75697.0,90264.0,96382.0,198045.0,190833.0,180595.0,183065.0,131021.0,57150.0,21399.0,3728.0,98.0,Africa
Mexico,MEX,2018,259.92,13.32,58.78,332.02,2018.0,124013864.0,2028545.0,10533454.0,32485134.0,53960000.0,82019096.0,91517720.0,84924024.0,2075596.0,8504909.0,10970255.0,10981425.0,10918313.0,20621744.0,18277076.0,15898395.0,11937533.0,7685841.0,4059065.0,1748487.0,371268.0,11008.0,North America
Middle Africa (EI),0,2018,0.0,0.0,28.174612,28.174612,0.0,0.0,0.0,0.0,0.0,0.0,0.0,0.0,0.0,0.0,0.0,0.0,0.0,0.0,0.0,0.0,0.0,0.0,0.0,0.0,0.0,0.0,0.0,
Middle East (EI),0,2018,1227.6254,6.885377,20.510033,1255.02081,0.0,0.0,0.0,0.0,0.0,0.0,0.0,0.0,0.0,0.0,0.0,0.0,0.0,0.0,0.0,0.0,0.0,0.0,0.0,0.0,0.0,0.0,0.0,
Middle East (Ember),0,2018,1138.0,6.89,20.44,1165.3300000000002,0.0,0.0,0.0,0.0,0.0,0.0,0.0,0.0,0.0,0.0,0.0,0.0,0.0,0.0,0.0,0.0,0.0,0.0,0.0,0.0,0.0,0.0,0.0,
Moldova,MDA,2018,5.08,0.0,0.3,5.38,2018.0,3141839.0,42808.0,226124.0,604503.0,978992.0,2141043.0,2537230.0,2437070.0,44877.0,183316.0,199556.0,178823.0,168926.0,458878.0,501920.0,391266.0,414351.0,383370.0,147631.0,63076.0,7812.0,106.0,Europe
Mongolia,MNG,2018,5.71,0.0,0.44,6.15,2018.0,3163994.0,77475.0,391410.0,984223.0,1451331.0,2052769.0,2179739.0,2045042.0,77528.0,313935.0,346822.0,245991.0,228150.0,528763.0,516187.0,400198.0,294322.0,134563.0,56336.0,19145.0,2075.0,32.0,Asia
Montenegro,MNE,2018,1.55,0.0,2.25,3.8,2018.0,631459.0,7574.0,38292.0,115276.0,197848.0,420369.0,516100.0,491749.0,7695.0,30718.0,39079.0,37905.0,40424.0,83948.0,90473.0,82857.0,82529.0,73852.0,40099.0,19676.0,2242.0,83.0,Europe
Montserrat,MSR,2018,0.02,0.0,0.0,0.02,2018.0,4381.0,42.0,143.0,621.0,1284.0,3064.0,3759.0,3570.0,35.0,101.0,199.0,279.0,333.0,540.0,480.0,686.0,734.0,583.0,307.0,83.0,13.0,1.0,
Morocco,MAR,2018,27.71,0.0,6.52,34.230000000000004,2018.0,35927516.0,670100.0,3397328.0,9872743.0,15804136.0,23685422.0,26054662.0,24254894.0,671432.0,2727228.0,3366865.0,3108550.0,2987111.0,5890032.0,5477324.0,4448123.0,3514035.0,2382528.0,1038621.0,294763.0,22126.0,109.0,Africa
Mozambique,MOZ,2018,2.94,0.0,13.88,16.82,2018.0,29423882.0,1052761.0,4930572.0,13022084.0,18960114.0,15643165.0,16401760.0,14405948.0,1009545.0,3877811.0,4383343.0,3708169.0,3227215.0,4971505.0,3324044.0,2280684.0,1362743.0,818510.0,339962.0,72609.0,4488.0,37.0,Africa
Myanmar,MMR,2018,9.78,0.0,12.61,22.39,2018.0,52666016.0,913837.0,4506997.0,13518635.0,22648248.0,35951010.0,39147332.0,36345772.0,909284.0,3593160.0,4449349.0,4562289.0,4616666.0,8897071.0,8290980.0,6931175.0,5288615.0,3323734.0,1381423.0,392564.0,25104.0,50.0,
Namibia,NAM,2018,0.02,0.0,1.39,1.41,2018.0,2405682.0,67981.0,329115.0,871777.0,1347728.0,1439968.0,1533838.0,1390986.0,66885.0,261134.0,292999.0,249663.0,239734.0,463737.0,311000.0,226040.0,149474.0,88101.0,41208.0,12619.0,1925.0,67.0,Africa
Nauru,NRU,2018,0.03,0.0,0.0,0.03,2018.0,11949.0,351.0,1763.0,4656.0,6804.0,7060.0,7293.0,6646.0,352.0,1412.0,1626.0,1267.0,1070.0,2107.0,1825.0,1069.0,757.0,360.0,84.0,21.0,0.0,0.0,Oceania
Nepal,NPL,2018,0.0,0.0,4.99,4.99,2018.0,28506718.0,587615.0,2939901.0,8956300.0,15086904.0,17879136.0,19550360.0,17600296.0,587775.0,2352286.0,2910066.0,3106333.0,3221738.0,5256927.0,3639594.0,2796236.0,2116976.0,1536781.0,781130.0,189125.0,11852.0,59.0,Asia
Netherlands,NLD,2018,91.26,3.51,18.91,113.68,2018.0,17286042.0,170181.0,869743.0,2755741.0,4891642.0,11251897.0,14528141.0,13903448.0,172964.0,699562.0,925326.0,960672.0,1058223.0,2201199.0,2109374.0,2291743.0,2503046.0,2084741.0,1492375.0,663775.0,123665.0,2160.0,Europe
New Caledonia,NCL,2018,2.58,0.0,0.42,3.0,2018.0,284887.0,4256.0,21856.0,66147.0,108356.0,191040.0,218670.0,205110.0,4293.0,17600.0,22457.0,21834.0,22432.0,40816.0,42258.0,40809.0,32957.0,21142.0,12691.0,4769.0,796.0,70.0,
New Zealand,NZL,2018,7.13,0.0,36.3,43.43,2018.0,4838528.0,59577.0,305170.0,947007.0,1593650.0,3163927.0,3890220.0,3704579.0,60235.0,245593.0,329300.0,312537.0,311995.0,696816.0,636153.0,628590.0,624542.0,498817.0,321626.0,141913.0,29768.0,1301.0,Oceania
Nicaragua,NIC,2018,2.05,0.0,2.48,4.529999999999999,2018.0,6572234.0,140918.0,701008.0,2040425.0,3347380.0,4215420.0,4531789.0,4138431.0,140613.0,560090.0,681846.0,657571.0,655735.0,1255576.0,972896.0,710745.0,459310.0,285413.0,140354.0,48776.0,2984.0,20.0,North America
Niger,NER,2018,0.49,0.0,0.05,0.54,2018.0,22577060.0,986001.0,4463897.0,11068328.0,15379829.0,10961992.0,11508727.0,10002978.0,935203.0,3477896.0,3624752.0,2979679.0,2403367.0,3404906.0,2267985.0,1506702.0,1028032.0,593454.0,256838.0,46059.0,1384.0,6.0,Africa
Nigeria,NGA,2018,24.11,0.0,7.74,31.85,2018.0,198387620.0,7109073.0,33216786.0,87078850.0,125038696.0,105337710.0,111308616.0,98324170.0,6800463.0,26107712.0,29018720.0,24843340.0,20781038.0,31578826.0,23398448.0,15949710.0,10123829.0,6038188.0,2800427.0,606690.0,31458.0,161.0,Africa
Niue,NIU,2018,0.0,0.0,0.0,0.0,2018.0,1907.0,25.0,147.0,515.0,722.0,1131.0,1392.0,1314.0,28.0,122.0,188.0,180.0,123.0,177.0,228.0,259.0,224.0,210.0,121.0,50.0,0.0,0.0,
Non-OECD (EI),0,2018,10867.771,730.54626,3731.8223,15330.13956,0.0,0.0,0.0,0.0,0.0,0.0,0.0,0.0,0.0,0.0,0.0,0.0,0.0,0.0,0.0,0.0,0.0,0.0,0.0,0.0,0.0,0.0,0.0,
North America,0,2018,3119.76,915.43,1268.74,5303.93,0.0,0.0,0.0,0.0,0.0,0.0,0.0,0.0,0.0,0.0,0.0,0.0,0.0,0.0,0.0,0.0,0.0,0.0,0.0,0.0,0.0,0.0,0.0,
North America (EI),0,2018,3262.3835,963.1486,1230.3394,5455.8715,0.0,0.0,0.0,0.0,0.0,0.0,0.0,0.0,0.0,0.0,0.0,0.0,0.0,0.0,0.0,0.0,0.0,0.0,0.0,0.0,0.0,0.0,0.0,
North America (Ember),0,2018,2773.87,902.11,1161.97,4837.95,0.0,0.0,0.0,0.0,0.0,0.0,0.0,0.0,0.0,0.0,0.0,0.0,0.0,0.0,0.0,0.0,0.0,0.0,0.0,0.0,0.0,0.0,0.0,
North Korea,PRK,2018,2.46,0.0,12.68,15.14,2018.0,25638152.0,340736.0,1675218.0,4930738.0,8729742.0,17957178.0,20706988.0,19628606.0,338498.0,1334482.0,1575755.0,1679765.0,1827575.0,3927869.0,3510419.0,3918499.0,3520690.0,2058972.0,1456961.0,450482.0,35521.0,425.0,
North Macedonia,MKD,2018,3.65,0.0,1.96,5.609999999999999,2018.0,2113497.0,21816.0,114243.0,347099.0,629901.0,1474330.0,1766369.0,1685826.0,22523.0,92427.0,117424.0,115432.0,134520.0,304864.0,326833.0,293991.0,284039.0,239427.0,130971.0,47594.0,4130.0,29.0,
Norway,NOR,2018,2.96,0.0,143.06,146.02,2018.0,5312321.0,56184.0,297242.0,937032.0,1600127.0,3467556.0,4374289.0,4185458.0,58813.0,241058.0,321885.0,317905.0,321265.0,713224.0,712905.0,731965.0,686232.0,574588.0,410769.0,179560.0,43781.0,1000.0,Europe
OECD (EI),0,2018,6261.5244,1969.6782,2939.4368,11170.6394,0.0,0.0,0.0,0.0,0.0,0.0,0.0,0.0,0.0,0.0,0.0,0.0,0.0,0.0,0.0,0.0,0.0,0.0,0.0,0.0,0.0,0.0,0.0,
OECD (Ember),0,2018,6084.5,1914.23,2917.29,10916.02,0.0,0.0,0.0,0.0,0.0,0.0,0.0,0.0,0.0,0.0,0.0,0.0,0.0,0.0,0.0,0.0,0.0,0.0,0.0,0.0,0.0,0.0,0.0,
Oceania,0,2018,223.26,0.0,82.009995,305.269995,0.0,0.0,0.0,0.0,0.0,0.0,0.0,0.0,0.0,0.0,0.0,0.0,0.0,0.0,0.0,0.0,0.0,0.0,0.0,0.0,0.0,0.0,0.0,
Oceania (Ember),0,2018,223.26,0.0,82.01,305.27,0.0,0.0,0.0,0.0,0.0,0.0,0.0,0.0,0.0,0.0,0.0,0.0,0.0,0.0,0.0,0.0,0.0,0.0,0.0,0.0,0.0,0.0,0.0,
Oman,OMN,2018,35.45,0.0,0.02,35.470000000000006,2018.0,4601160.0,86442.0,433324.0,1058710.0,1674278.0,3424796.0,3542429.0,3399829.0,86669.0,346882.0,356959.0,268427.0,236993.0,1054677.0,1207207.0,584016.0,270147.0,117786.0,53424.0,16584.0,1595.0,21.0,Asia
Pakistan,PAK,2018,87.95,9.29,42.66,139.9,2018.0,219731490.0,5994303.0,29299732.0,83180460.0,127678940.0,127651890.0,136550980.0,121906856.0,5868764.0,23305428.0,28154932.0,25725798.0,23808260.0,38702388.0,27200856.0,18574408.0,14230188.0,8721421.0,4231120.0,1030837.0,51508.0,41.0,Asia
Palestine,PSE,2018,0.34,0.0,0.06,0.4,2018.0,4805549.0,143148.0,708836.0,1920692.0,2895222.0,2726523.0,2884846.0,2574478.0,143493.0,565688.0,645371.0,566485.0,506733.0,887378.0,596229.0,385293.0,263666.0,150800.0,72387.0,20870.0,1490.0,11.0,
Panama,PAN,2018,1.9,0.0,8.74,10.64,2018.0,4165258.0,77832.0,391242.0,1135932.0,1819681.0,2699519.0,3028794.0,2818869.0,78201.0,313410.0,381788.0,362902.0,347843.0,662250.0,606294.0,525264.0,410589.0,261026.0,144710.0,59209.0,11609.0,532.0,North America
Papua New Guinea,PNG,2018,3.13,0.0,1.27,4.4,2018.0,9329233.0,241322.0,1178254.0,3319923.0,5155162.0,5738061.0,6009267.0,5424770.0,237647.0,936932.0,1108790.0,1032879.0,957539.0,1682171.0,1319787.0,958815.0,634310.0,308563.0,120091.0,25747.0,2244.0,43.0,Oceania
Paraguay,PRY,2018,0.0,0.0,58.75,58.75,2018.0,6443337.0,137563.0,674840.0,1910813.0,3136683.0,4150983.0,4532139.0,4167604.0,136815.0,537277.0,626617.0,609356.0,611313.0,1197002.0,954810.0,676658.0,528349.0,322620.0,169427.0,60868.0,11092.0,385.0,South America
Peru,PER,2018,21.4,0.0,33.28,54.68,2018.0,32203946.0,575833.0,2877511.0,8843146.0,14280357.0,20759622.0,23359634.0,21705840.0,572686.0,2301678.0,3004186.0,2961449.0,2746192.0,5332429.0,4741954.0,3920531.0,2895164.0,2026702.0,1164140.0,471225.0,61296.0,1167.0,South America
Philippines,PHL,2018,76.05,0.0,23.73,99.78,2018.0,108568830.0,2377512.0,11710115.0,34305750.0,54754664.0,68903784.0,74261760.0,67913070.0,2348519.0,9332603.0,11507150.0,11088485.0,10524552.0,19034944.0,15199227.0,12101062.0,8867462.0,5440606.0,2306477.0,710470.0,76962.0,1320.0,Asia
Poland,POL,2018,147.87,0.0,21.62,169.49,2018.0,38521464.0,388532.0,1910794.0,5856526.0,9870796.0,26017004.0,32662118.0,31574982.0,399642.0,1522262.0,2039825.0,1905907.0,1851376.0,4800497.0,6261768.0,5445403.0,4868472.0,5178496.0,2608304.0,1410446.0,237356.0,2820.0,Europe
Portugal,PRT,2018,29.0,0.0,29.41,58.41,2018.0,10289833.0,86612.0,428019.0,1415727.0,2508041.0,6639325.0,8871975.0,8545171.0,86926.0,341407.0,474685.0,513023.0,554320.0,1086399.0,1279293.0,1577820.0,1477568.0,1282929.0,955530.0,555851.0,102265.0,2131.0,Europe
Puerto Rico,PRI,2018,16.75,0.0,0.24,16.99,2018.0,3319269.0,24501.0,141577.0,488734.0,902446.0,2152946.0,2828325.0,2708492.0,27463.0,117076.0,165546.0,181611.0,204202.0,413218.0,395663.0,438076.0,472699.0,436478.0,310317.0,128732.0,28940.0,2210.0,
Qatar,QAT,2018,45.16,0.0,0.02,45.18,2018.0,2766743.0,28553.0,145307.0,387189.0,743435.0,2348304.0,2379553.0,2329230.0,28671.0,116754.0,135901.0,105981.0,89446.0,725302.0,871735.0,446219.0,179886.0,51350.0,11815.0,3541.0,259.0,1.0,Asia
Reunion,REU,2018,0.0,0.0,0.0,0.0,2018.0,941189.0,14633.0,74684.0,227323.0,365538.0,605741.0,713647.0,667492.0,14855.0,60051.0,76090.0,76549.0,75702.0,119432.0,111777.0,124977.0,126044.0,85416.0,45691.0,20625.0,3983.0,219.0,
Romania,ROU,2018,26.87,11.38,26.19,64.44,2018.0,19606778.0,212525.0,1039148.0,3127282.0,5203102.0,12960065.0,16478950.0,15860858.0,214165.0,826623.0,1033924.0,1054210.0,1041750.0,2243475.0,2772509.0,3132302.0,2433025.0,2516518.0,1469187.0,777244.0,92940.0,547.0,Europe
Russia,RUS,2018,672.83,181.76,193.0,1047.59,2018.0,145652290.0,1646296.0,9193676.0,25644420.0,39840624.0,98829510.0,119999970.0,115806980.0,1790225.0,7547380.0,8846678.0,7604065.0,6877094.0,18026568.0,24259204.0,19994900.0,19941164.0,17539934.0,8236815.0,4485800.0,638491.0,7899.0,
Rwanda,RWA,2018,0.49,0.0,0.37,0.86,2018.0,12531810.0,376707.0,1799258.0,5030950.0,7530721.0,7123250.0,7500558.0,6657787.0,367360.0,1422551.0,1654558.0,1577134.0,1348235.0,2198754.0,1747625.0,939968.0,650641.0,397300.0,157321.0,53975.0,6739.0,302.0,Africa
Saint Helena,SHN,2018,0.0,0.0,0.0,0.0,2018.0,5494.0,44.0,256.0,760.0,1211.0,3449.0,4734.0,4598.0,49.0,212.0,255.0,249.0,229.0,516.0,582.0,780.0,953.0,838.0,597.0,203.0,36.0,0.0,
Saint Kitts and Nevis,KNA,2018,0.21,0.0,0.01,0.22,2018.0,47787.0,622.0,3163.0,9773.0,17058.0,33996.0,38010.0,35946.0,631.0,2541.0,3293.0,3317.0,3585.0,7562.0,7660.0,6526.0,6151.0,4035.0,1595.0,727.0,169.0,4.0,North America
Saint Lucia,LCA,2018,0.37,0.0,0.0,0.37,2018.0,177894.0,2115.0,10619.0,34276.0,64668.0,128368.0,143616.0,135313.0,2122.0,8504.0,11167.0,12490.0,14228.0,31955.0,27960.0,25070.0,21747.0,12779.0,6962.0,2621.0,294.0,2.0,North America
Saint Pierre and Miquelon,SPM,2018,0.05,0.0,0.0,0.05,2018.0,5969.0,50.0,292.0,1042.0,1566.0,3919.0,4927.0,4697.0,57.0,242.0,369.0,381.0,333.0,482.0,712.0,1031.0,965.0,700.0,433.0,228.0,43.0,0.0,
Saint Vincent and the Grenadines,VCT,2018,0.12,0.0,0.02,0.1399999999999999,2018.0,105297.0,1459.0,7912.0,23956.0,40469.0,70537.0,81322.0,76535.0,1529.0,6453.0,8296.0,7748.0,8061.0,16200.0,14805.0,13702.0,12875.0,8427.0,4508.0,2283.0,461.0,19.0,North America
Samoa,WSM,2018,0.09,0.0,0.06,0.15,2018.0,209715.0,5869.0,29331.0,80057.0,118027.0,119477.0,129657.0,117251.0,5878.0,23462.0,27338.0,23388.0,20103.0,33033.0,23456.0,21186.0,16098.0,9538.0,4569.0,1497.0,177.0,1.0,Oceania
Sao Tome and Principe,STP,2018,0.08,0.0,0.01,0.09,2018.0,211358.0,6184.0,31119.0,87787.0,127237.0,115750.0,123571.0,109482.0,6168.0,24935.0,29205.0,27463.0,22252.0,31668.0,26855.0,18946.0,12122.0,6662.0,3533.0,1424.0,109.0,0.0,Africa
Saudi Arabia,SAU,2018,334.7,0.0,0.16,334.86,2018.0,35018132.0,644419.0,3188711.0,9215710.0,14531500.0,24999580.0,25802230.0,24152122.0,633375.0,2544292.0,3172934.0,2854065.0,2671780.0,5708675.0,6593526.0,6315715.0,3032495.0,991309.0,340535.0,132416.0,15779.0,194.0,Asia
Senegal,SEN,2018,3.97,0.0,0.7,4.67,2018.0,15574910.0,511303.0,2463455.0,6630331.0,9670245.0,8451770.0,8944578.0,7924340.0,498767.0,1952152.0,2232486.0,1934390.0,1647950.0,2607600.0,1925477.0,1245869.0,762211.0,460585.0,236061.0,56877.0,1948.0,1.0,Africa
Serbia,SRB,2018,25.77,0.0,10.9,36.67,2018.0,7433825.0,69573.0,351997.0,1047372.0,1844197.0,4882785.0,6386227.0,6146440.0,69915.0,282424.0,352108.0,343267.0,375925.0,876996.0,1044382.0,1078047.0,1009397.0,995360.0,664996.0,307208.0,33916.0,226.0,Europe
Seychelles,SYC,2018,0.48,0.0,0.01,0.49,2018.0,103120.0,1732.0,8476.0,24093.0,38913.0,71584.0,79023.0,74978.0,1743.0,6744.0,8269.0,7348.0,6775.0,16305.0,16588.0,15269.0,12436.0,6879.0,3157.0,1379.0,235.0,4.0,Africa
Sierra Leone,SLE,2018,0.06,0.0,0.2,0.26,2018.0,7861287.0,244464.0,1151863.0,3189605.0,4791041.0,4424987.0,4671671.0,4136531.0,233466.0,907399.0,1070710.0,967032.0,865632.0,1355250.0,963234.0,661451.0,435543.0,245682.0,117603.0,25759.0,1517.0,11.0,Africa
Singapore,SGP,2018,49.87,0.0,0.67,50.54,2018.0,5814543.0,50209.0,236856.0,709801.0,1446376.0,4449849.0,5103955.0,4935508.0,50041.0,186647.0,230313.0,242632.0,312819.0,856358.0,913463.0,972743.0,965592.0,724837.0,236385.0,103503.0,18255.0,787.0,Asia
Slovakia,SVK,2018,5.92,14.84,5.81,26.57,2018.0,5446746.0,58621.0,289868.0,854004.0,1431295.0,3732797.0,4592602.0,4437022.0,59306.0,231247.0,293130.0,271006.0,267349.0,694494.0,868766.0,822810.0,713228.0,681111.0,366759.0,154710.0,23375.0,140.0,Europe
Slovenia,SVN,2018,5.12,5.78,5.22,16.12,2018.0,2105931.0,20594.0,105628.0,318682.0,521903.0,1382398.0,1787049.0,1730375.0,20895.0,85034.0,113255.0,99799.0,96255.0,229231.0,301394.0,305058.0,304263.0,275165.0,167800.0,91587.0,16296.0,200.0,Europe
Solomon Islands,SLB,2018,0.1,0.0,0.0,0.1,2018.0,659259.0,20197.0,98674.0,263600.0,389951.0,372851.0,395657.0,353996.0,19980.0,78477.0,88126.0,76800.0,67717.0,108703.0,83389.0,62510.0,38839.0,20688.0,10547.0,2936.0,328.0,2.0,Oceania
Somalia,SOM,2018,0.33,0.0,0.02,0.35,2018.0,15411101.0,646620.0,2947105.0,7328397.0,10383434.0,7685107.0,8082684.0,7042538.0,612213.0,2300485.0,2388867.0,1992425.0,1673506.0,2392691.0,1634290.0,1044219.0,693246.0,429573.0,171411.0,41118.0,2630.0,20.0,Africa
South Africa,ZAF,2018,214.25,10.56,12.22,237.03,2018.0,57339630.0,1165418.0,5722926.0,16445882.0,26064464.0,37537016.0,40890880.0,38220160.0,1125268.0,4557508.0,5633196.0,5089760.0,4507269.0,10798927.0,9725731.0,6061856.0,4937873.0,2794709.0,1482068.0,487546.0,94900.0,2870.0,Africa
South America,0,2018,324.83002,21.3,810.45,1156.58002,0.0,0.0,0.0,0.0,0.0,0.0,0.0,0.0,0.0,0.0,0.0,0.0,0.0,0.0,0.0,0.0,0.0,0.0,0.0,0.0,0.0,0.0,0.0,
South Korea,KOR,2018,405.79,127.08,29.41,562.28,2018.0,51676900.0,350865.0,2021212.0,6593786.0,12947586.0,37614104.0,45075228.0,43472750.0,382849.0,1670347.0,2296686.0,2275888.0,2859471.0,6960348.0,7452708.0,8466914.0,8473037.0,5762961.0,3381346.0,1500136.0,218308.0,7886.0,
South Sudan,SSD,2018,0.55,0.0,0.01,0.56,2018.0,10395332.0,313877.0,1741069.0,4870162.0,6694537.0,5246455.0,5525160.0,4786454.0,336419.0,1427192.0,1709348.0,1419745.0,1129660.0,1282076.0,1120928.0,962611.0,571512.0,301050.0,132110.0,24859.0,354.0,10.0,Africa
South and Central America (EI),0,2018,412.76953,22.545887,876.59814,1311.913557,0.0,0.0,0.0,0.0,0.0,0.0,0.0,0.0,0.0,0.0,0.0,0.0,0.0,0.0,0.0,0.0,0.0,0.0,0.0,0.0,0.0,0.0,0.0,
Spain,ESP,2018,112.23,55.77,103.88,271.88,2018.0,46792044.0,382286.0,2086916.0,6954391.0,11527165.0,30810428.0,39826364.0,38436556.0,407152.0,1704630.0,2390458.0,2477017.0,2297933.0,4793574.0,6334719.0,7768231.0,6855280.0,5166889.0,3741823.0,2357782.0,510132.0,11290.0,Europe
Sri Lanka,LKA,2018,7.92,0.0,7.04,14.96,2018.0,21580712.0,320170.0,1656067.0,5230426.0,8510333.0,14176085.0,16349606.0,15311560.0,324586.0,1335897.0,1766010.0,1808349.0,1694188.0,3095215.0,3108958.0,2760502.0,2484923.0,1907072.0,964545.0,299725.0,34478.0,679.0,Asia
Sudan,SDN,2018,5.82,0.0,10.08,15.9,2018.0,41999064.0,1413978.0,6653608.0,17357428.0,25613060.0,23331284.0,24641504.0,21954204.0,1370401.0,5239630.0,5797788.0,4906032.0,4382248.0,7307135.0,5450433.0,3146861.0,2161307.0,1513355.0,544132.0,123039.0,12993.0,131.0,Africa
Suriname,SUR,2018,0.89,0.0,1.0,1.89,2018.0,593729.0,10859.0,53946.0,163028.0,266302.0,390605.0,430666.0,397811.0,10804.0,43087.0,53957.0,55125.0,54387.0,93601.0,85886.0,73496.0,62446.0,35571.0,17655.0,6635.0,989.0,35.0,South America
Sweden,SWE,2018,3.66,68.55,91.15,163.36,2018.0,10162300.0,116293.0,599420.0,1799697.0,2959262.0,6342173.0,8360561.0,8032018.0,119354.0,483127.0,614396.0,585881.0,548235.0,1346507.0,1309630.0,1296784.0,1276679.0,1118903.0,948309.0,419711.0,95803.0,2042.0,Europe
Switzerland,CHE,2018,3.54,24.41,34.32,62.27,2018.0,8514431.0,85921.0,435954.0,1276717.0,2191459.0,5674234.0,7236223.0,6986988.0,87758.0,350033.0,428491.0,412272.0,428630.0,1057172.0,1207431.0,1210108.0,1273420.0,926226.0,696091.0,360380.0,76765.0,1491.0,Europe
Syria,SYR,2018,16.38,0.0,0.76,17.14,2018.0,19333464.0,346680.0,1887973.0,7388855.0,11216439.0,11082875.0,11944538.0,10485839.0,347371.0,1541293.0,2745175.0,2755707.0,2296219.0,2562808.0,2305785.0,2064079.0,1381444.0,822441.0,379911.0,120559.0,11292.0,71.0,Asia
Taiwan,TWN,2018,233.6,27.68,10.88,272.16,2018.0,23726186.0,197875.0,1052545.0,3101936.0,6061227.0,17367372.0,20618524.0,19862080.0,206982.0,854670.0,1007081.0,1042310.0,1341217.0,3267529.0,3880647.0,3695754.0,3592040.0,2763871.0,1358873.0,598984.0,119608.0,5727.0,
Tajikistan,TJK,2018,1.27,0.0,18.21,19.48,2018.0,9128131.0,253482.0,1265004.0,3336756.0,5057613.0,5508501.0,5791354.0,5259609.0,252681.0,1011522.0,1136138.0,935614.0,875261.0,1672624.0,1272755.0,831062.0,654505.0,326567.0,108374.0,46009.0,4197.0,21.0,Asia
Tanzania,TZA,2018,4.43,0.0,2.79,7.22,2018.0,58090444.0,2093252.9,9836101.0,25788682.0,37001356.0,30500298.0,32301242.0,28407024.0,2026312.0,7742848.0,8441650.0,7510931.0,6225133.0,9206481.0,6998086.0,4482685.0,2631004.0,1696012.0,831853.0,206693.0,23295.0,520.0,Africa
Thailand,THA,2018,156.26,0.0,25.84,182.1,2018.0,71127810.0,692644.0,3659288.0,11792333.0,21276720.0,50371384.0,59311676.0,56734652.0,710625.0,2966644.0,4044670.0,4088375.0,4408977.0,10147854.0,10375272.0,10481721.0,10648923.0,7543218.0,3748270.0,1645696.0,311744.0,23800.0,Asia
Togo,TGO,2018,0.36,0.0,0.21,0.57,2018.0,8046680.0,255173.0,1219320.0,3292584.0,4839132.0,4513947.0,4754096.0,4237668.0,248881.0,964147.0,1109043.0,964221.0,834187.0,1338546.0,1016781.0,717693.0,454406.0,263488.0,109207.0,19212.0,576.0,0.0,Africa
Tonga,TON,2018,0.06,0.0,0.01,0.0699999999999999,2018.0,105167.0,2498.0,12839.0,37717.0,57493.0,61036.0,67449.0,60549.0,2534.0,10341.0,12742.0,12136.0,11058.0,15968.0,12674.0,10584.0,7979.0,4923.0,2999.0,1140.0,124.0,1.0,Oceania
Trinidad and Tobago,TTO,2018,8.67,0.0,0.01,8.68,2018.0,1504707.0,18804.0,97341.0,298968.0,496580.0,1060132.0,1205626.0,1147212.0,19154.0,78537.0,102127.0,99500.0,97305.0,217046.0,273591.0,204296.0,189861.0,137183.0,61989.0,20522.0,3833.0,113.0,North America
Tunisia,TUN,2018,18.88,0.0,0.64,19.52,2018.0,11933040.0,211889.0,1082450.0,2965974.0,4655160.0,8001144.0,8966826.0,8481110.0,215858.0,870561.0,1005457.0,878067.0,805840.0,1850840.0,1912810.0,1598071.0,1338978.0,844871.0,434362.0,162890.0,18164.0,240.0,Africa
Turkey,TUR,2018,206.09,0.0,97.77,303.86,2018.0,82809304.0,1381659.0,6992744.0,19904280.0,33495816.0,56599990.0,62902664.0,58991960.0,1413517.0,5611085.0,6547138.0,6364397.0,6630857.0,13797611.0,13167847.0,11215010.0,8642879.0,5492184.0,2865708.0,981508.0,109062.0,2361.0,Asia
Turkmenistan,TKM,2018,21.18,0.0,0.0,21.18,2018.0,6065072.0,141379.0,713380.0,1882225.0,2908751.0,3916907.0,4182837.0,3890967.0,142366.0,572001.0,645415.0,523430.0,492058.0,1099492.0,915403.0,664928.0,554093.0,312714.0,103434.0,37869.0,2846.0,10.0,Asia
Turks and Caicos Islands,TCA,2018,0.24,0.0,0.0,0.24,2018.0,41516.0,530.0,2436.0,7166.0,12474.0,30416.0,34349.0,32833.0,513.0,1906.0,2295.0,2435.0,2563.0,5602.0,7570.0,7320.0,5525.0,3254.0,1560.0,795.0,160.0,1.0,
Uganda,UGA,2018,0.31,0.0,4.0,4.31,2018.0,41515400.0,1514008.0,7169760.0,19412680.0,28582232.0,21429192.0,22102644.0,19011812.0,1461364.0,5655752.0,6481905.0,5761014.0,4984039.0,7499551.0,4259985.0,2644286.0,1560873.0,819604.0,270929.0,59411.0,3967.0,76.0,Africa
Ukraine,UKR,2018,60.81,84.4,13.02,158.23000000000002,2018.0,44446950.0,367537.0,2143461.0,6870285.0,11193606.0,30190988.0,37573724.0,36424172.0,399289.0,1775924.0,2509427.0,2217397.0,1940214.0,5520228.0,7289892.0,6288230.0,6247219.0,5415682.0,3052776.0,1581819.0,237665.0,2941.0,Europe
United Arab Emirates,ARE,2018,126.61,0.0,1.32,127.93,2018.0,9140172.0,96598.0,493662.0,1328009.0,2619959.0,7700680.0,7812123.0,7604998.0,96607.0,397064.0,491811.0,342536.0,415171.0,2251456.0,2924139.0,1517359.0,505424.0,128768.0,41335.0,25857.0,2614.0,40.0,Asia
United Kingdom,GBR,2018,155.41,65.06,110.03,330.5,2018.0,66432996.0,745833.0,3911082.0,11897055.0,19755896.0,42364000.0,54522400.0,52373040.0,772559.0,3165249.0,4133614.0,3852359.0,3679368.0,8706525.0,8822448.0,8516810.0,8958777.0,7090638.0,5470232.0,2702100.0,575501.0,13543.0,Europe
United States of America,USA,2018,2661.3,807.08,733.17,4201.55,2018.0,332140030.0,3884966.0,20021464.0,62811076.0,106557360.0,218187040.0,269253400.0,256203520.0,3959661.0,16136498.0,20824568.0,21965044.0,21769562.0,45411656.0,44593664.0,41885420.0,43926260.0,37408200.0,22114840.0,9968600.0,2175199.0,75558.0,
United States Virgin Islands,VIR,2018,0.6,0.0,0.01,0.61,2018.0,101377.0,1256.0,6495.0,19610.0,29915.0,62720.0,81762.0,78576.0,1281.0,5239.0,7003.0,6112.0,5172.0,10392.0,11621.0,13258.0,15166.0,13569.0,9355.0,2818.0,411.0,5.0,
Upper-middle-income countries,0,2018,7315.6396,539.97,3053.54,10909.1496,2018.0,2487462700.0,33428184.0,173955870.0,512491740.0,844009600.0,1713193600.0,1974872300.0,1878671400.0,35006068.0,140527700.0,174570340.0,163965520.0,161140160.0,370469800.0,381288900.0,361396740.0,311212860.0,229029200.0,109629790.0,44869036.0,5835871.0,98539.0,
Uruguay,URY,2018,1.36,0.0,13.14,14.5,2018.0,3427044.0,41154.0,227254.0,702227.0,1212309.0,2209721.0,2722166.0,2574141.0,44420.0,186100.0,234956.0,240017.0,249185.0,510809.0,448570.0,438411.0,394094.0,310096.0,217324.0,120785.0,32892.0,2651.0,South America
Uzbekistan,UZB,2018,53.58,0.0,5.85,59.43,2018.0,32449578.0,744288.0,3548796.0,9438977.0,14990824.0,21507446.0,23010558.0,21472450.0,715539.0,2804508.0,3161548.0,2728633.0,2583417.0,6075742.0,5184824.0,3734136.0,2932085.0,1650638.0,596661.0,235055.0,18001.0,42.0,Asia
Vanuatu,VUT,2018,0.05,0.0,0.02,0.07,2018.0,297307.0,8986.0,44164.0,118457.0,172436.0,167844.0,178844.0,161664.0,8915.0,35178.0,40871.0,33422.0,27799.0,51535.0,38636.0,26219.0,17744.0,10046.0,4466.0,2103.0,296.0,6.0,Oceania
Venezuela,VEN,2018,39.02,0.0,58.25,97.27,2018.0,29825652.0,533226.0,2749950.0,8469721.0,13495333.0,19204692.0,21355872.0,19727538.0,545300.0,2216724.0,2859826.0,2859945.0,2653214.0,4642258.0,4220714.0,3624927.0,2944749.0,1931120.0,993798.0,324508.0,20583.0,60.0,South America
Vietnam,VNM,2018,123.98,0.0,85.21,209.19,2018.0,94914330.0,1487172.0,7525360.0,21847120.0,36178590.0,65704216.0,73061790.0,68891280.0,1495531.0,6038188.0,7290955.0,7030804.0,6879217.0,15745344.0,15626364.0,13090386.0,10204143.0,7097036.0,2861087.0,1344339.0,213876.0,5414.0,Asia
Western Africa (EI),0,2018,0.0,0.0,20.968437,20.968437,0.0,0.0,0.0,0.0,0.0,0.0,0.0,0.0,0.0,0.0,0.0,0.0,0.0,0.0,0.0,0.0,0.0,0.0,0.0,0.0,0.0,0.0,0.0,
Western Sahara,ESH,2018,0.0,0.0,0.0,0.0,2018.0,532011.0,9379.0,46674.0,134586.0,210944.0,371193.0,397409.0,374613.0,9380.0,37295.0,46545.0,41367.0,37710.0,85369.0,104976.0,75638.0,49645.0,30267.0,11228.0,2346.0,230.0,16.0,
World,OWID_WRL,2018,16756.02,2619.57,6646.42,26022.01,2018.0,7683790000.0,137690030.0,688660400.0,2001436500.0,3209171200.0,4992920600.0,5681877500.0,5312115700.0,138376850.0,550970400.0,674324740.0,638451460.0,611398340.0,1204281300.0,1114043900.0,958684500.0,788847800.0,566538940.0,295304100.0,123199544.0,19578904.0,475921.0,
Yemen,YEM,2018,2.82,0.0,0.48,3.3,2018.0,30790514.0,951199.0,4594792.0,12568809.0,19054936.0,17376284.0,18221696.0,16172714.0,930540.0,3643593.0,4194048.0,3779969.0,3357767.0,5957212.0,4060882.0,2261942.0,1313126.0,750973.0,408348.0,104938.0,6509.0,8.0,Asia
Zambia,ZMB,2018,2.24,0.0,13.89,16.130000000000003,2018.0,17835898.0,615122.0,2936306.0,7936289.0,11546422.0,9597503.0,9899554.0,8695551.0,598085.0,2321184.0,2675064.0,2324919.0,1945044.0,3098392.0,2252525.0,1380638.0,718796.0,333006.0,133593.0,34321.0,3239.0,54.0,Africa
Zimbabwe,ZWE,2018,3.73,0.0,5.46,9.19,2018.0,15052191.0,466524.0,2283576.0,6291632.0,9385132.0,8264833.0,8760331.0,7689502.0,457587.0,1817052.0,2156068.0,1851988.0,1732035.0,2474502.0,2058928.0,1155537.0,585529.0,476214.0,208587.0,59700.0,9299.0,228.0,Africa
